{"scores":[{"student":"Senthilkumar A","attemptedOn":"2020-05-30-18-01-29","score":1.0},{"student":"viju","attemptedOn":"2020-05-30-18-12-32","score":1.0},{"student":"vvv","attemptedOn":"2020-05-31-18-27-34","score":1.0},{"student":"Senthilkumar A","attemptedOn":"2020-05-30-17-47-17","score":0.9},{"student":"vijaytha","attemptedOn":"2020-05-30-01-13-33","score":0.8},{"student":"vijaytha","attemptedOn":"2020-05-30-01-35-17","score":0.8},{"student":"vijaytha","attemptedOn":"2020-05-30-01-36-38","score":0.8},{"student":"Senthilkumar A","attemptedOn":"2020-05-30-17-51-15","score":0.8},{"student":"vvv","attemptedOn":"2020-05-31-18-25-47","score":0.8},{"student":"vijulu","attemptedOn":"2020-05-30-05-29-44","score":0.7},{"student":"vijulu","attemptedOn":"2020-05-30-05-28-19","score":0.5},{"student":"Senthilkumar A","attemptedOn":"2020-05-30-14-42-31","score":0.5},{"student":"vijulu","attemptedOn":"2020-05-30-05-32-35","score":0.4},{"student":"Senthilkumar A","attemptedOn":"2020-05-30-17-54-28","score":0.4},{"student":"viju","attemptedOn":"2020-05-30-18-43-14","score":0.4},{"student":"vijaytha","attemptedOn":"2020-05-31-00-53-58","score":0.4},{"student":"vijaytha","attemptedOn":"2020-05-30-01-18-32","score":0.3},{"student":"vijaytha","attemptedOn":"2020-05-30-01-24-35","score":0.3},{"student":"xfbfg","attemptedOn":"2020-05-30-15-15-13","score":0.3},{"student":"xfbfg","attemptedOn":"2020-05-30-15-16-03","score":0.3},{"student":"vijaytha","attemptedOn":"2020-05-30-16-54-48","score":0.3},{"student":"Senthilkumar A","attemptedOn":"2020-05-30-17-55-08","score":0.3},{"student":"viju","attemptedOn":"2020-05-30-18-40-58","score":0.3},{"student":"dfgf","attemptedOn":"2020-05-31-02-39-06","score":0.3},{"student":"vijaytha","attemptedOn":"2020-05-30-01-21-06","score":0.2},{"student":"vijulu","attemptedOn":"2020-05-30-14-16-15","score":0.2},{"student":"Senthilkumar A","attemptedOn":"2020-05-30-18-05-02","score":0.2},{"student":"Senthilkumar A","attemptedOn":"2020-05-30-23-28-30","score":0.2},{"student":"Senthilkumar A","attemptedOn":"2020-05-30-23-29-30","score":0.2},{"student":"Senthilkumar A","attemptedOn":"2020-05-30-23-47-16","score":0.2},{"student":"Senthilkumar A","attemptedOn":"2020-05-30-23-48-01","score":0.2},{"student":"Senthilkumar A","attemptedOn":"2020-05-30-14-40-17","score":0.1},{"student":"viju","attemptedOn":"2020-05-30-18-49-03","score":0.1},{"student":"Senthilkumar A","attemptedOn":"2020-05-30-18-50-35","score":0.1},{"student":"Senthilkumar A","attemptedOn":"2020-05-30-18-53-55","score":0.1},{"student":"Senthilkumar A","attemptedOn":"2020-05-30-18-56-43","score":0.1},{"student":"viju","attemptedOn":"2020-05-30-18-46-56","score":0.0},{"student":"Senthilkumar A","attemptedOn":"2020-05-30-18-54-50","score":0.0},{"student":"Senthilkumar A","attemptedOn":"2020-05-30-23-26-28","score":0.0},{"student":"Senthilkumar A","attemptedOn":"2020-05-30-23-50-14","score":0.0}]}