{"questions":[{"question":"Which CSS property is used to change the text color of an element?","choices":["color","fgcolor","text-color","none of the above"],"answer":{"answer":"Event attributes"}},{"question":"Which property is used to change the font of an element?","choices":["font-style","font-family","font-weight","none of the above"],"answer":{"answer":"font-family"}},{"question":"Which CSS property controls the text size?","choices":["text-style","font-size","text-size","font-style"],"answer":{"answer":"font-size"}},{"question":"What does CSS stand for?","choices":["Creative Style Sheets","Cascading Style Sheets","Computer Style Sheets","Colorful Style Sheets"],"answer":{"answer":"Cascading Style Sheets"}},{"question":"How do you make each word in a text start with a capital letter?","choices":["text-style:capitalize","transform:capitalize","You can't do that with CSS","text-transform:capitalize"],"answer":{"answer":"text-transform:capitalize"}},{"question":"How do you insert a comment in a CSS file?","choices":["'this is a comment","// this is a comment","// this is a comment//","/* this is a comment*/"],"answer":{"answer":"/* this is a comment*/"}},{"question":"How do you select elements with class name 'test'?","choices":["#test","*test","test",".test"],"answer":{"answer":".test"}},{"question":"How do you display a border like this:The top border = 10 pixels,The bottom border = 5 pixels,The left border = 20 pixels, The right border = 1pixel?","choices":["border-width:10px 5px 20px 1px;","border-width:10px 1px 5px 20px","border-width:5px 20px 10px 1px","border-width:10px 20px 5px 1px"],"answer":{"answer":"border-width:10px 1px 5px 20px"}},{"question":"How do you display hyperlink without an underline?","choices":["a{underline:none;}","a{text-decoration:none;}","a{text-decoration:no-underline;}","a{decoration:no-underline;}"],"answer":{"answer":"a{text-decoration:none;}"}},{"question":"CHOw do you group selectors?","choices":["Separate each selector with a comma","Separate each selector with a plus sign","Seperate each selector with a space","None of the above"],"answer":{"answer":"Separate each selector with a comma"}}],"answers":[{"answer":"color"},{"answer":"none of the above"},{"answer":"font-style"},{"answer":"Colorful Style Sheets"},{"answer":"text-transform:capitalize"},{"answer":"/* this is a comment*/"},{"answer":".test"},{"answer":"border-width:10px 20px 5px 1px"},{"answer":"a{decoration:no-underline;}"},{"answer":"None of the above"}]}