{"questions":[{"question":"Which doctype is correct for HTML5?","choices":["!DOCTYPE HTML5","!DOCTYPE HTML PUBLIC ","!DOCTYPE html","none of the above"],"answer":{"answer":"!DOCTYPE html"}},{"question":"Graphics defined by SVG is in which format?","choices":["CSS","HTML","XML","none of the above"],"answer":{"answer":"XML"}},{"question":"Who is making the Web standards?","choices":["Google","Mozilla","Microsoft","The World Wide Web Consortium"],"answer":{"answer":"The World Wide Web Consortium"}},{"question":"What is the correct HTML element for a paragraph?","choices":["p","a","td","para"],"answer":{"answer":"p"}},{"question":"What is the correct HTML element for inserting a line break?","choices":["br","lb","break","hr"],"answer":{"answer":"br"}},{"question":"The HTML canvas element is used to:","choices":["display database records","create draggable elements","draw graphics","manipulate data in MySQL"],"answer":{"answer":"draw graphics"}},{"question":"Choose the correct HTML element for the largest heading:","choices":["head","heading","h1","h6"],"answer":{"answer":"h1"}},{"question":"In HTML, what does the aside element define?","choices":["Content aside from the page content"," A navigation list to be shown at the left side of the page","The ASCII character-set; to send information between computers on the internet","none of the above"],"answer":{"answer":"Content aside from the page content"}},{"question":"What does HTML stand for?","choices":["Hyper Text Markup Language","Home Tool Markup Language","Hyperlinks and Text Markup Language","None of the above"],"answer":{"answer":"Hyper Text Markup Language"}},{"question":"Which HTML element defines navigation links?","choices":["navigate","navigations","nav","none of the above"],"answer":{"answer":"nav"}}],"answers":[{"answer":"!DOCTYPE HTML5"},{"answer":"CSS"},{"answer":"The World Wide Web Consortium"},{"answer":"p"},{"answer":"br"},{"answer":"draw graphics"},{"answer":"h1"},{"answer":"Content aside from the page content"},{"answer":"Hyper Text Markup Language"},{"answer":"nav"}]}