{"questions":[{"question":"Which doctype is correct for HTML5?","choices":["!DOCTYPE HTML5","!DOCTYPE HTML PUBLIC ","!DOCTYPE html","none of the above"],"answer":{"answer":"!DOCTYPE html"}},{"question":"What is the correct HTML element to make the text bold?","choices":["b","a","i","bold"],"answer":{"answer":"b"}},{"question":"Which HTML attribute specifies an alternate text for an image, if the image cannot be displayed?","choices":["title","alt","src","longdesc"],"answer":{"answer":"alt"}},{"question":"What does HTML stand for?","choices":["Hyper Text Markup Language","Home Tool Markup Language","Hyperlinks and Text Markup Language","None of the above"],"answer":{"answer":"Hyper Text Markup Language"}},{"question":"Which HTML element defines navigation links?","choices":["navigate","navigations","nav","none of the above"],"answer":{"answer":"nav"}},{"question":"Choose the correct HTML element for the largest heading:","choices":["head","heading","h1","h6"],"answer":{"answer":"h1"}},{"question":"Graphics defined by SVG is in which format?","choices":["CSS","HTML","XML","none of the above"],"answer":{"answer":"XML"}},{"question":"The HTML global attribute, content editable is used to:","choices":["specify whether the content of an element should be editable or not","return the position of the first found occurrence of content inside a string","specifies a context menu for an element. The menu appears when a user right-clicks on the element","update content from the server"],"answer":{"answer":"specify whether the content of an element should be editable or not"}},{"question":"What is the correct HTML element for a paragraph?","choices":["p","a","td","para"],"answer":{"answer":"p"}},{"question":"In HTML, onblur and onfocus are:","choices":["HTML element","Style attributes","Event attributes","none of the above"],"answer":{"answer":"Event attributes"}}],"answers":[{"answer":"!DOCTYPE HTML5"},{"answer":"bold"},{"answer":"longdesc"},{"answer":"None of the above"},{"answer":"none of the above"},{"answer":"h1"},{"answer":"none of the above"},{"answer":"update content from the server"},{"answer":"para"},{"answer":"none of the above"}]}