{"questions":[{"question":"Choose the correct HTML element for the largest heading:","choices":["head","heading","h1","h6"],"answer":{"answer":"h1"}},{"question":"What is the correct HTML element for a paragraph?","choices":["p","a","td","para"],"answer":{"answer":"p"}},{"question":"In HTML, onblur and onfocus are:","choices":["HTML element","Style attributes","Event attributes","none of the above"],"answer":{"answer":"Event attributes"}},{"question":"The HTML canvas element is used to:","choices":["display database records","create draggable elements","draw graphics","manipulate data in MySQL"],"answer":{"answer":"draw graphics"}},{"question":"Who is making the Web standards?","choices":["Google","Mozilla","Microsoft","The World Wide Web Consortium"],"answer":{"answer":"The World Wide Web Consortium"}},{"question":"What is the correct HTML element for inserting a line break?","choices":["br","lb","break","hr"],"answer":{"answer":"br"}},{"question":"The attribute of form tag","choices":["method","action","Both a & b","None of the above"],"answer":{"answer":"Both a & b"}},{"question":"What does HTML stand for?","choices":["Hyper Text Markup Language","Home Tool Markup Language","Hyperlinks and Text Markup Language","None of the above"],"answer":{"answer":"Hyper Text Markup Language"}},{"question":"Which doctype is correct for HTML5?","choices":["!DOCTYPE HTML5","!DOCTYPE HTML PUBLIC ","!DOCTYPE html","none of the above"],"answer":{"answer":"!DOCTYPE html"}},{"question":"Graphics defined by SVG is in which format?","choices":["CSS","HTML","XML","none of the above"],"answer":{"answer":"XML"}}],"answers":[{"answer":"heading"},{"answer":"para"},{"answer":"none of the above"},{"answer":"manipulate data in MySQL"},{"answer":"The World Wide Web Consortium"},{"answer":"hr"},{"answer":"None of the above"},{"answer":"None of the above"},{"answer":"none of the above"},{"answer":"none of the above"}]}