{"questions":[{"question":"Which HTML element defines navigation links?","choices":["navigate","navigations","nav","none of the above"],"answer":{"answer":"nav"}},{"question":"Choose the correct HTML element for the largest heading:","choices":["head","heading","h1","h6"],"answer":{"answer":"h1"}},{"question":"The attribute of form tag","choices":["method","action","Both a & b","None of the above"],"answer":{"answer":"Both a & b"}},{"question":"What is the correct HTML element for a paragraph?","choices":["p","a","td","para"],"answer":{"answer":"p"}},{"question":"The HTML global attribute, content editable is used to:","choices":["specify whether the content of an element should be editable or not","return the position of the first found occurrence of content inside a string","specifies a context menu for an element. The menu appears when a user right-clicks on the element","update content from the server"],"answer":{"answer":"specify whether the content of an element should be editable or not"}},{"question":"What is the correct HTML element for inserting a line break?","choices":["br","lb","break","hr"],"answer":{"answer":"br"}},{"question":"Which HTML attribute specifies an alternate text for an image, if the image cannot be displayed?","choices":["title","alt","src","longdesc"],"answer":{"answer":"alt"}},{"question":"What is the correct HTML element to make the text bold?","choices":["b","a","i","bold"],"answer":{"answer":"b"}},{"question":"Who is making the Web standards?","choices":["Google","Mozilla","Microsoft","The World Wide Web Consortium"],"answer":{"answer":"The World Wide Web Consortium"}},{"question":"Which doctype is correct for HTML5?","choices":["!DOCTYPE HTML5","!DOCTYPE HTML PUBLIC ","!DOCTYPE html","none of the above"],"answer":{"answer":"!DOCTYPE html"}}],"answers":[{"answer":"nav"},{"answer":"h1"},{"answer":"action"},{"answer":"p"},{"answer":"return the position of the first found occurrence of content inside a string"},{"answer":"br"},{"answer":"alt"},{"answer":"b"},{"answer":"The World Wide Web Consortium"},{"answer":"!DOCTYPE html"}]}