{"questions":[{"question":"In HTML, onblur and onfocus are:","choices":["HTML element","Style attributes","Event attributes","none of the above"],"answer":{"answer":"Event attributes"}},{"question":"Choose the correct HTML element for the largest heading:","choices":["head","heading","h1","h6"],"answer":{"answer":"h1"}},{"question":"Which HTML attribute specifies an alternate text for an image, if the image cannot be displayed?","choices":["title","alt","src","longdesc"],"answer":{"answer":"alt"}},{"question":"Which HTML element defines navigation links?","choices":["navigate","navigations","nav","none of the above"],"answer":{"answer":"nav"}},{"question":"What is the correct HTML element for inserting a line break?","choices":["br","lb","break","hr"],"answer":{"answer":"br"}},{"question":"Which doctype is correct for HTML5?","choices":["!DOCTYPE HTML5","!DOCTYPE HTML PUBLIC ","!DOCTYPE html","none of the above"],"answer":{"answer":"!DOCTYPE html"}},{"question":"In HTML, what does the aside element define?","choices":["Content aside from the page content"," A navigation list to be shown at the left side of the page","The ASCII character-set; to send information between computers on the internet","none of the above"],"answer":{"answer":"Content aside from the page content"}},{"question":"What is the correct HTML element to make the text bold?","choices":["b","a","i","bold"],"answer":{"answer":"b"}},{"question":"The attribute of form tag","choices":["method","action","Both a & b","None of the above"],"answer":{"answer":"Both a & b"}},{"question":"The HTML global attribute, content editable is used to:","choices":["specify whether the content of an element should be editable or not","return the position of the first found occurrence of content inside a string","specifies a context menu for an element. The menu appears when a user right-clicks on the element","update content from the server"],"answer":{"answer":"specify whether the content of an element should be editable or not"}}],"answers":[{"answer":"Event attributes"},{"answer":"h1"},{"answer":"alt"},{"answer":"navigations"},{"answer":"br"},{"answer":"!DOCTYPE HTML5"},{"answer":" A navigation list to be shown at the left side of the page"},{"answer":"b"},{"answer":"action"},{"answer":"return the position of the first found occurrence of content inside a string"}]}