{"questions":[{"question":"Choose the correct HTML element for the largest heading:","choices":["head","heading","h1","h6"],"answer":{"answer":"h1"}},{"question":"What is the correct HTML element to make the text bold?","choices":["b","a","i","bold"],"answer":{"answer":"b"}},{"question":"The HTML global attribute, content editable is used to:","choices":["specify whether the content of an element should be editable or not","return the position of the first found occurrence of content inside a string","specifies a context menu for an element. The menu appears when a user right-clicks on the element","update content from the server"],"answer":{"answer":"specify whether the content of an element should be editable or not"}},{"question":"In HTML, what does the aside element define?","choices":["Content aside from the page content"," A navigation list to be shown at the left side of the page","The ASCII character-set; to send information between computers on the internet","none of the above"],"answer":{"answer":"Content aside from the page content"}},{"question":"Which HTML element defines navigation links?","choices":["navigate","navigations","nav","none of the above"],"answer":{"answer":"nav"}},{"question":"What is the correct HTML element for a paragraph?","choices":["p","a","td","para"],"answer":{"answer":"p"}},{"question":"The attribute of form tag","choices":["method","action","Both a & b","None of the above"],"answer":{"answer":"Both a & b"}},{"question":"Graphics defined by SVG is in which format?","choices":["CSS","HTML","XML","none of the above"],"answer":{"answer":"XML"}},{"question":"Who is making the Web standards?","choices":["Google","Mozilla","Microsoft","The World Wide Web Consortium"],"answer":{"answer":"The World Wide Web Consortium"}},{"question":"What does HTML stand for?","choices":["Hyper Text Markup Language","Home Tool Markup Language","Hyperlinks and Text Markup Language","None of the above"],"answer":{"answer":"Hyper Text Markup Language"}}],"answers":[{"answer":"h6"},{"answer":"b"},{"answer":"return the position of the first found occurrence of content inside a string"},{"answer":" A navigation list to be shown at the left side of the page"},{"answer":"nav"},{"answer":"p"},{"answer":"action"},{"answer":"CSS"},{"answer":"Mozilla"},{"answer":"Hyperlinks and Text Markup Language"}]}