{"questions":[{"question":"What is the correct HTML element to make the text bold?","choices":["b","a","i","bold"],"answer":{"answer":"b"}},{"question":"Graphics defined by SVG is in which format?","choices":["CSS","HTML","XML","none of the above"],"answer":{"answer":"XML"}},{"question":"Which HTML attribute specifies an alternate text for an image, if the image cannot be displayed?","choices":["title","alt","src","longdesc"],"answer":{"answer":"alt"}},{"question":"The HTML canvas element is used to:","choices":["display database records","create draggable elements","draw graphics","manipulate data in MySQL"],"answer":{"answer":"draw graphics"}},{"question":"What is the correct HTML element for inserting a line break?","choices":["br","lb","break","hr"],"answer":{"answer":"br"}},{"question":"The HTML global attribute, content editable is used to:","choices":["specify whether the content of an element should be editable or not","return the position of the first found occurrence of content inside a string","specifies a context menu for an element. The menu appears when a user right-clicks on the element","update content from the server"],"answer":{"answer":"specify whether the content of an element should be editable or not"}},{"question":"Choose the correct HTML element for the largest heading:","choices":["head","heading","h1","h6"],"answer":{"answer":"h1"}},{"question":"Who is making the Web standards?","choices":["Google","Mozilla","Microsoft","The World Wide Web Consortium"],"answer":{"answer":"The World Wide Web Consortium"}},{"question":"What is the correct HTML element for a paragraph?","choices":["p","a","td","para"],"answer":{"answer":"p"}},{"question":"Which HTML element defines navigation links?","choices":["navigate","navigations","nav","none of the above"],"answer":{"answer":"nav"}}],"answers":[{"answer":"a"},{"answer":"HTML"},{"answer":"alt"},{"answer":"create draggable elements"},{"answer":"lb"},{"answer":"return the position of the first found occurrence of content inside a string"},{"answer":"heading"},{"answer":"Mozilla"},{"answer":"p"},{"answer":"navigate"}]}