{"questions":[{"question":"How can you make a bulleted list?","choices":["list","ol","dl","ul"],"answer":{"answer":"ul"}},{"question":"What is the correct HTML element for a paragraph?","choices":["p","a","td","para"],"answer":{"answer":"p"}},{"question":"Who is making the Web standards?","choices":["Google","Mozilla","Microsoft","The World Wide Web Consortium"],"answer":{"answer":"The World Wide Web Consortium"}},{"question":"What is the correct HTML element to make the text bold?","choices":["b","a","i","bold"],"answer":{"answer":"b"}},{"question":"What does HTML stand for?","choices":["Hyper Text Markup Language","Home Tool Markup Language","Hyperlinks and Text Markup Language","None of the above"],"answer":{"answer":"Hyper Text Markup Language"}},{"question":"The HTML canvas element is used to:","choices":["display database records","create draggable elements","draw graphics","manipulate data in MySQL"],"answer":{"answer":"draw graphics"}},{"question":"What is the correct HTML element for inserting a line break?","choices":["br","lb","break","hr"],"answer":{"answer":"br"}},{"question":"Choose the correct HTML element for the largest heading:","choices":["head","heading","h1","h6"],"answer":{"answer":"h1"}},{"question":"Which HTML element defines navigation links?","choices":["navigate","navigations","nav","none of the above"],"answer":{"answer":"nav"}},{"question":"How can you make a numbered list?","choices":["ul","dl","list","ol"],"answer":{"answer":"ol"}}],"answers":[{"answer":"list"},{"answer":"p"},{"answer":"The World Wide Web Consortium"},{"answer":"b"},{"answer":"Hyper Text Markup Language"},{"answer":"draw graphics"},{"answer":"br"},{"answer":"head"},{"answer":"nav"},{"answer":"ol"}]}