{"questions":[{"question":"What is the correct HTML element to make the text bold?","choices":["b","a","i","bold"],"answer":{"answer":"b"}},{"question":"Who is making the Web standards?","choices":["Google","Mozilla","Microsoft","The World Wide Web Consortium"],"answer":{"answer":"The World Wide Web Consortium"}},{"question":"What is the correct HTML element for inserting a line break?","choices":["br","lb","break","hr"],"answer":{"answer":"br"}},{"question":"What is the correct HTML element for a paragraph?","choices":["p","a","td","para"],"answer":{"answer":"p"}},{"question":"Choose the correct HTML element for the largest heading:","choices":["head","heading","h1","h6"],"answer":{"answer":"h1"}},{"question":"Graphics defined by SVG is in which format?","choices":["CSS","HTML","XML","none of the above"],"answer":{"answer":"XML"}},{"question":"Which HTML attribute specifies an alternate text for an image, if the image cannot be displayed?","choices":["title","alt","src","longdesc"],"answer":{"answer":"alt"}},{"question":"The HTML canvas element is used to:","choices":["display database records","create draggable elements","draw graphics","manipulate data in MySQL"],"answer":{"answer":"draw graphics"}},{"question":"Which HTML element defines navigation links?","choices":["navigate","navigations","nav","none of the above"],"answer":{"answer":"nav"}},{"question":"In HTML, onblur and onfocus are:","choices":["HTML element","Style attributes","Event attributes","none of the above"],"answer":{"answer":"Event attributes"}}],"answers":[{"answer":"bold"},{"answer":"The World Wide Web Consortium"},{"answer":"hr"},{"answer":"para"},{"answer":"h6"},{"answer":"none of the above"},{"answer":"longdesc"},{"answer":"manipulate data in MySQL"},{"answer":"none of the above"},{"answer":"none of the above"}]}