{"questions":[{"question":"Graphics defined by SVG is in which format?","choices":["CSS","HTML","XML","none of the above"],"answer":{"answer":"XML"}},{"question":"The HTML canvas element is used to:","choices":["display database records","create draggable elements","draw graphics","manipulate data in MySQL"],"answer":{"answer":"draw graphics"}},{"question":"What is the correct HTML element to make the text bold?","choices":["b","a","i","bold"],"answer":{"answer":"b"}},{"question":"Which HTML element defines the title of a document?","choices":["head","title","meta","none of the above"],"answer":{"answer":"title"}},{"question":"Which HTML element defines navigation links?","choices":["navigate","navigations","nav","none of the above"],"answer":{"answer":"nav"}},{"question":"Which of these elements are all table elements?","choices":["thead body tr","table head tfoot","table tr td","table tr tt"],"answer":{"answer":"table tr td"}},{"question":"What is the correct HTML element for a paragraph?","choices":["p","a","td","para"],"answer":{"answer":"p"}},{"question":"In HTML, onblur and onfocus are:","choices":["HTML element","Style attributes","Event attributes","none of the above"],"answer":{"answer":"Event attributes"}},{"question":"The attribute of form tag","choices":["method","action","Both a & b","None of the above"],"answer":{"answer":"Both a & b"}},{"question":"The HTML global attribute, content editable is used to:","choices":["specify whether the content of an element should be editable or not","return the position of the first found occurrence of content inside a string","specifies a context menu for an element. The menu appears when a user right-clicks on the element","update content from the server"],"answer":{"answer":"specify whether the content of an element should be editable or not"}}],"answers":[{"answer":"CSS"},{"answer":"manipulate data in MySQL"},{"answer":"bold"},{"answer":"none of the above"},{"answer":"none of the above"},{"answer":"table tr tt"},{"answer":"para"},{"answer":"none of the above"},{"answer":"None of the above"},{"answer":"update content from the server"}]}