{"questions":[{"question":"Which HTML attribute specifies an alternate text for an image, if the image cannot be displayed?","choices":["title","alt","src","longdesc"],"answer":{"answer":"alt"}},{"question":"How can you make a bulleted list?","choices":["list","ol","dl","ul"],"answer":{"answer":"ul"}},{"question":"What is the correct HTML element to make the text bold?","choices":["b","a","i","bold"],"answer":{"answer":"b"}},{"question":"The HTML canvas element is used to:","choices":["display database records","create draggable elements","draw graphics","manipulate data in MySQL"],"answer":{"answer":"draw graphics"}},{"question":"Who is making the Web standards?","choices":["Google","Mozilla","Microsoft","The World Wide Web Consortium"],"answer":{"answer":"The World Wide Web Consortium"}},{"question":"Which HTML element defines navigation links?","choices":["navigate","navigations","nav","none of the above"],"answer":{"answer":"nav"}},{"question":"Which of these elements are all table elements?","choices":["thead body tr","table head tfoot","table tr td","table tr tt"],"answer":{"answer":"table tr td"}},{"question":"The attribute of form tag","choices":["method","action","Both a & b","None of the above"],"answer":{"answer":"Both a & b"}},{"question":"What is the correct HTML element for inserting a line break?","choices":["br","lb","break","hr"],"answer":{"answer":"br"}},{"question":"In HTML, what does the aside element define?","choices":["Content aside from the page content"," A navigation list to be shown at the left side of the page","The ASCII character-set; to send information between computers on the internet","none of the above"],"answer":{"answer":"Content aside from the page content"}}],"answers":[{"answer":"title"},{"answer":"ul"},{"answer":"bold"},{"answer":"manipulate data in MySQL"},{"answer":"The World Wide Web Consortium"},{"answer":"none of the above"},{"answer":"table tr tt"},{"answer":"None of the above"},{"answer":"hr"},{"answer":"none of the above"}]}