{"questions":[{"question":"Which doctype is correct for HTML5?","choices":["!DOCTYPE HTML5","!DOCTYPE HTML PUBLIC ","!DOCTYPE html","none of the above"],"answer":{"answer":"!DOCTYPE html"}},{"question":"Choose the correct HTML element for the largest heading:","choices":["head","heading","h1","h6"],"answer":{"answer":"h1"}},{"question":"What does HTML stand for?","choices":["Hyper Text Markup Language","Home Tool Markup Language","Hyperlinks and Text Markup Language","None of the above"],"answer":{"answer":"Hyper Text Markup Language"}},{"question":"In HTML, onblur and onfocus are:","choices":["HTML element","Style attributes","Event attributes","none of the above"],"answer":{"answer":"Event attributes"}},{"question":"Who is making the Web standards?","choices":["Google","Mozilla","Microsoft","The World Wide Web Consortium"],"answer":{"answer":"The World Wide Web Consortium"}},{"question":"What is the correct HTML element for a paragraph?","choices":["p","a","td","para"],"answer":{"answer":"p"}},{"question":"Graphics defined by SVG is in which format?","choices":["CSS","HTML","XML","none of the above"],"answer":{"answer":"XML"}},{"question":"Which HTML attribute specifies an alternate text for an image, if the image cannot be displayed?","choices":["title","alt","src","longdesc"],"answer":{"answer":"alt"}},{"question":"In HTML, what does the aside element define?","choices":["Content aside from the page content"," A navigation list to be shown at the left side of the page","The ASCII character-set; to send information between computers on the internet","none of the above"],"answer":{"answer":"Content aside from the page content"}},{"question":"What is the correct HTML element to make the text bold?","choices":["b","a","i","bold"],"answer":{"answer":"b"}}],"answers":[{"answer":"!DOCTYPE HTML5"},{"answer":"h1"},{"answer":"Home Tool Markup Language"},{"answer":"HTML element"},{"answer":"Microsoft"},{"answer":"a"},{"answer":"HTML"},{"answer":"title"},{"answer":"Content aside from the page content"},{"answer":"b"}]}