{"questions":[{"question":"What is the correct HTML element for a paragraph?","choices":["p","a","td","para"],"answer":{"answer":"p"}},{"question":"What does HTML stand for?","choices":["Hyper Text Markup Language","Home Tool Markup Language","Hyperlinks and Text Markup Language","None of the above"],"answer":{"answer":"Hyper Text Markup Language"}},{"question":"Choose the correct HTML element for the largest heading:","choices":["head","heading","h1","h6"],"answer":{"answer":"h1"}},{"question":"Who is making the Web standards?","choices":["Google","Mozilla","Microsoft","The World Wide Web Consortium"],"answer":{"answer":"The World Wide Web Consortium"}},{"question":"Which HTML element defines navigation links?","choices":["navigate","navigations","nav","none of the above"],"answer":{"answer":"nav"}},{"question":"Which doctype is correct for HTML5?","choices":["!DOCTYPE HTML5","!DOCTYPE HTML PUBLIC ","!DOCTYPE html","none of the above"],"answer":{"answer":"!DOCTYPE html"}},{"question":"What is the correct HTML element to make the text bold?","choices":["b","a","i","bold"],"answer":{"answer":"b"}},{"question":"Which HTML attribute specifies an alternate text for an image, if the image cannot be displayed?","choices":["title","alt","src","longdesc"],"answer":{"answer":"alt"}},{"question":"In HTML, what does the aside element define?","choices":["Content aside from the page content"," A navigation list to be shown at the left side of the page","The ASCII character-set; to send information between computers on the internet","none of the above"],"answer":{"answer":"Content aside from the page content"}},{"question":"The attribute of form tag","choices":["method","action","Both a & b","None of the above"],"answer":{"answer":"Both a & b"}}],"answers":[{"answer":"p"},{"answer":"Hyper Text Markup Language"},{"answer":"h1"},{"answer":"The World Wide Web Consortium"},{"answer":"nav"},{"answer":"!DOCTYPE HTML5"},{"answer":"b"},{"answer":"alt"},{"answer":"Content aside from the page content"},{"answer":"action"}]}