{"questions":[{"question":"Graphics defined by SVG is in which format?","choices":["CSS","HTML","XML","none of the above"],"answer":{"answer":"XML"}},{"question":"Who is making the Web standards?","choices":["Google","Mozilla","Microsoft","The World Wide Web Consortium"],"answer":{"answer":"The World Wide Web Consortium"}},{"question":"Which HTML element defines navigation links?","choices":["navigate","navigations","nav","none of the above"],"answer":{"answer":"nav"}},{"question":"What is the correct HTML element for a paragraph?","choices":["p","a","td","para"],"answer":{"answer":"p"}},{"question":"Which HTML element defines the title of a document?","choices":["head","title","meta","none of the above"],"answer":{"answer":"title"}},{"question":"How can you make a numbered list?","choices":["ul","dl","list","ol"],"answer":{"answer":"ol"}},{"question":"In HTML, onblur and onfocus are:","choices":["HTML element","Style attributes","Event attributes","none of the above"],"answer":{"answer":"Event attributes"}},{"question":"Which of these elements are all table elements?","choices":["thead body tr","table head tfoot","table tr td","table tr tt"],"answer":{"answer":"table tr td"}},{"question":"What is the correct HTML element for inserting a line break?","choices":["br","lb","break","hr"],"answer":{"answer":"br"}},{"question":"How can you make a bulleted list?","choices":["list","ol","dl","ul"],"answer":{"answer":"ul"}}],"answers":[{"answer":"HTML"},{"answer":"Microsoft"},{"answer":"nav"},{"answer":"td"},{"answer":"none of the above"},{"answer":"dl"},{"answer":"HTML element"},{"answer":"table tr td"},{"answer":"br"},{"answer":"ul"}]}