{"questions":[{"question":"Which of these elements are all table elements?","choices":["thead body tr","table head tfoot","table tr td","table tr tt"],"answer":{"answer":"table tr td"}},{"question":"In HTML, what does the aside element define?","choices":["Content aside from the page content"," A navigation list to be shown at the left side of the page","The ASCII character-set; to send information between computers on the internet","none of the above"],"answer":{"answer":"Content aside from the page content"}},{"question":"What is the correct HTML element for a paragraph?","choices":["p","a","td","para"],"answer":{"answer":"p"}},{"question":"Graphics defined by SVG is in which format?","choices":["CSS","HTML","XML","none of the above"],"answer":{"answer":"XML"}},{"question":"How can you make a numbered list?","choices":["ul","dl","list","ol"],"answer":{"answer":"ol"}},{"question":"Which HTML attribute specifies an alternate text for an image, if the image cannot be displayed?","choices":["title","alt","src","longdesc"],"answer":{"answer":"alt"}},{"question":"Which doctype is correct for HTML5?","choices":["!DOCTYPE HTML5","!DOCTYPE HTML PUBLIC ","!DOCTYPE html","none of the above"],"answer":{"answer":"!DOCTYPE html"}},{"question":"In HTML, onblur and onfocus are:","choices":["HTML element","Style attributes","Event attributes","none of the above"],"answer":{"answer":"Event attributes"}},{"question":"Choose the correct HTML element for the largest heading:","choices":["head","heading","h1","h6"],"answer":{"answer":"h1"}},{"question":"Who is making the Web standards?","choices":["Google","Mozilla","Microsoft","The World Wide Web Consortium"],"answer":{"answer":"The World Wide Web Consortium"}}],"answers":[{"answer":"table tr td"},{"answer":"Content aside from the page content"},{"answer":"p"},{"answer":"XML"},{"answer":"ol"},{"answer":"alt"},{"answer":"!DOCTYPE html"},{"answer":"Event attributes"},{"answer":"h1"},{"answer":"The World Wide Web Consortium"}]}