{"questions":[{"question":"Which of the following creates a List of 3 visible items and multiple selections abled?","choices":["new List(false, 3)","new List(3, true)","new List(true, 3)","new List(3, false)"],"answer":{"answer":"new List(3, true)"}},{"question":"Which of the following for loop declaration is not valid?","choices":["for ( int i = 99; i >= 0; i / 9 )","for ( int i = 7; i <= 77; i += 7 )","for ( int i = 20; i >= 2; - -i )","for ( int i = 2; i <= 20; i = 2* i )"],"answer":{"answer":"for ( int i = 99; i>=0; i / 9)"}},{"question":"Which of the following is true about the anonymous inner class?","choices":["It has only methods","Objects can't be created","It has a fixed class name","It has no class name"],"answer":{"answer":"It has no class name"}},{"question":" _____ is used to find and fix bugs in the Java programs.","choices":["JVM","JRE","JDK","JDB"],"answer":{"answer":"JDB"}},{"question":"In which process, a local variable has the same name as one of the instance variables?","choices":["Serialization","Variable Shadowing","Abstraction","Multi-threading"],"answer":{"answer":"Variable Shadowing"}},{"question":"Which package contains the Random class?","choices":["java.util package","java.lang package","java.awt package","java.io package"],"answer":{"answer":"java.util package"}},{"question":"Which method of the Class.class is used to determine the name of a class represented by the class object as a String?","choices":["getClass()","intern()","getName()","toString()"],"answer":{"answer":"getName()"}},{"question":"Which of the following is not a Java features?","choices":["Dynamic","Architecture Neutral","Use of pointers","Object-oriented"],"answer":{"answer":"Use of pointers"}},{"question":"What do you mean by nameless objects?","choices":["An object created by using the new keyword.","An object of a superclass created in the subclass.","An object without having any name but having a reference.","An object that has no reference."],"answer":{"answer":"An object that has no reference."}},{"question":"Evaluate the following Java expression, if x=3, y=5, and z=10: ++z + y - y + z + x++","choices":["24","23","20","25"],"answer":{"answer":"24"}}],"answers":[{"answer":"new List(3, false)"},{"answer":"for ( int i = 7; i <= 77; i += 7 )"},{"answer":"It has only methods"},{"answer":"JVM"},{"answer":"Variable Shadowing"},{"answer":"java.awt package"},{"answer":"intern()"},{"answer":"Dynamic"},{"answer":"An object without having any name but having a reference."},{"answer":"24"}]}