{"questions":[{"question":"How do you declare a Javascript variable?","choices":["var carName;","v carName;","variable carName;","none of the above"],"answer":{"answer":"var carName;"}},{"question":"Inside which HTML element do we put the JavaScript?","choices":["&ltjavascript&gt","&ltscripting&gt","&ltjs&gt","&ltscript&gt"],"answer":{"answer":"&ltscript&gt"}},{"question":"How to insert a comment that has more than one line?","choices":["/*This comment has more than one line*/","&lt!--This comment has more than one line--&gt","//This comment has more than one line//","None of these"],"answer":{"answer":"/*This comment has more than one line*/"}},{"question":"Which event occurs when the user clicks on an HTML element?","choices":["onclick","onchange","onmouseclick","onmouseover"],"answer":{"answer":"onclick"}},{"question":"How to write an IF statement in Javascript","choices":["if (i==5)","if i==5 then","if i=5 then","if i=5"],"answer":{"answer":"if (i==5)"}},{"question":"How does a FOR loop start?","choices":["for (i=0;1<=5)","for i=1 to 5","for (i<=5;i++)","for (i=0;i<=5;i++)"],"answer":{"answer":"for (i=0;i<=5;i++)"}},{"question":"How do you round the number 7.25,to the nearest integer?","choices":["Math.round(7.25)","round(7.25)","Math.rnd(7.25)","md(7.25)"],"answer":{"answer":"Math.round(7.25)"}},{"question":"What is the correct place to insert a JavaScript?","choices":["Both the &lthead&gt and the &ltbody&gt section are correct","The &ltbody&gt section","The &lthead&gt section","None of these"],"answer":{"answer":"Both the &lthead&gt and the &ltbody&gt section"}},{"question":"How does a WHILE loop start?","choices":["while (i<=10)","while (i<=10;++)","while i=1 to 10","none of these"],"answer":{"answer":"while (i<=10)"}},{"question":"How do you call a function named myFunction?","choices":["myFunction()","call myFunction()","call function my Function()","none of the above"],"answer":{"answer":"myFunction()"}}],"answers":[{"answer":"var carName;"},{"answer":"&ltscript&gt"},{"answer":"None of these"},{"answer":"onmouseover"},{"answer":"if i=5"},{"answer":"for (i=0;i<=5;i++)"},{"answer":"md(7.25)"},{"answer":"None of these"},{"answer":"none of these"},{"answer":"none of the above"}]}