{"questions":[{"question":"In which process, a local variable has the same name as one of the instance variables?","choices":["Serialization","Variable Shadowing","Abstraction","Multi-threading"],"answer":{"answer":"Variable Shadowing"}},{"question":"What do you mean by nameless objects?","choices":["An object created by using the new keyword.","An object of a superclass created in the subclass.","An object without having any name but having a reference.","An object that has no reference."],"answer":{"answer":"An object that has no reference."}},{"question":"An interface with no fields or methods is known as a ______.","choices":["Runnable Interface","Marker Interface","Abstract Interface","CharSequence Interface"],"answer":{"answer":"Marker Interface"}},{"question":"Which of the following is true about the anonymous inner class?","choices":["It has only methods","Objects can't be created","It has a fixed class name","It has no class name"],"answer":{"answer":"It has no class name"}},{"question":"What is the return type of the hashCode() method in the Object class?","choices":["Object","int","long","void"],"answer":{"answer":"int"}},{"question":" _____ is used to find and fix bugs in the Java programs.","choices":["JVM","JRE","JDK","JDB"],"answer":{"answer":"JDB"}},{"question":"Which of the following is a valid long literal?","choices":["ABH8097","L990023","904423","0xnf029L"],"answer":{"answer":"0xnf029L"}},{"question":"Which package contains the Random class?","choices":["java.util package","java.lang package","java.awt package","java.io package"],"answer":{"answer":"java.util package"}},{"question":"Which of the following creates a List of 3 visible items and multiple selections abled?","choices":["new List(false, 3)","new List(3, true)","new List(true, 3)","new List(3, false)"],"answer":{"answer":"new List(3, true)"}},{"question":"Which of the following is not a Java features?","choices":["Dynamic","Architecture Neutral","Use of pointers","Object-oriented"],"answer":{"answer":"Use of pointers"}}],"answers":[{"answer":"Multi-threading"},{"answer":"An object that has no reference."},{"answer":"CharSequence Interface"},{"answer":"It has no class name"},{"answer":"int"},{"answer":"JDB"},{"answer":"904423"},{"answer":"java.lang package"},{"answer":"new List(false, 3)"},{"answer":"Dynamic"}]}