{"questions":[{"question":"Which event occurs when the user clicks on an HTML element?","choices":["onclick","onchange","onmouseclick","onmouseover"],"answer":{"answer":"onclick"}},{"question":"How do you round the number 7.25,to the nearest integer?","choices":["Math.round(7.25)","round(7.25)","Math.rnd(7.25)","md(7.25)"],"answer":{"answer":"Math.round(7.25)"}},{"question":"Inside which HTML element do we put the JavaScript?","choices":["&ltjavascript&gt","&ltscripting&gt","&ltjs&gt","&ltscript&gt"],"answer":{"answer":"&ltscript&gt"}},{"question":"How to write an IF statement in Javascript","choices":["if (i==5)","if i==5 then","if i=5 then","if i=5"],"answer":{"answer":"if (i==5)"}},{"question":"Which operator is used to assign  a value to a variable?","choices":["=","*","-","X"],"answer":{"answer":"="}},{"question":"How do you write \"Hello World\" in an alert box?","choices":["alertBox(\"HEllo World\")","msgBox(\"Hello World\")","msg(\"Hello World\")","alert(\"HEllo World\")"],"answer":{"answer":"alert(\"HEllo World\")"}},{"question":"What is the correct way to write a Javascript array?","choices":["var colors=[\"red\",\"green\",\"blue\"]","var colors=1=(red),2=(green),3=(blue)","var colors=\"red\",\"green\",\"blue\"","var colors=(1:\"red\",2:\"green\",3:\"blue\")"],"answer":{"answer":"var colors=[\"red\",\"green\",\"blue\"]"}},{"question":"How does a FOR loop start?","choices":["for (i=0;1<=5)","for i=1 to 5","for (i<=5;i++)","for (i=0;i<=5;i++)"],"answer":{"answer":"for (i=0;i<=5;i++)"}},{"question":"How does a WHILE loop start?","choices":["while (i<=10)","while (i<=10;++)","while i=1 to 10","none of these"],"answer":{"answer":"while (i<=10)"}},{"question":"How can you add a comment in a Javascript?","choices":["'This is a comment","//This is a comment","&lt!--This is a comment--&gt","None if these"],"answer":{"answer":"//This is a comment"}}],"answers":[{"answer":"onclick"},{"answer":"round(7.25)"},{"answer":"&ltjavascript&gt"},{"answer":"if (i==5)"},{"answer":"*"},{"answer":"alertBox(\"HEllo World\")"},{"answer":"var colors=1=(red),2=(green),3=(blue)"},{"answer":"for i=1 to 5"},{"answer":"while (i<=10)"},{"answer":"&lt!--This is a comment--&gt"}]}