{"questions":[{"question":"Which of the below statements is equivalent to $add += $add?","choices":["$add = $add","$add = $add +$add","$add = $add + 1","$add = $add + $add + 1"],"answer":{"answer":"$add = $add +$add"}},{"question":"Who is known as the father of PHP?","choices":["Rasmus Lerdorf","Willam Makepiece","Drek Kolkevi","List Barely"],"answer":{"answer":"Rasmus Lerdorf"}},{"question":"PHP Stands for?","choices":["PHP Hypertex Processor","PHP Hyper Markup Processor","PHP Hyper Markup Preprocessor","PHP Hypertext Preprocessor"],"answer":{"answer":"PHP Hypertext Preprocessor"}},{"question":"Which statement will output $x on the screen?","choices":["echo \"\b$x\";","echo \"$$x\";","echo \"/$x\";","echo \"$x;\";"],"answer":{"answer":"echo \"\b$x\";"}},{"question":"When you need to obtain the ASCII value of a character which of the following function you apply in PHP?","choices":["chr( );","asc( );","ord( );","val( );"],"answer":{"answer":"ord( );"}},{"question":"PHP is an example of ___________ scripting language.","choices":["Server-side","Client-side","Browser-side","In-side"],"answer":{"answer":"Server-side"}},{"question":"Which of the following function returns the number of characters in a string variable?","choices":["count($variable)","len($variable)","strcount($variable)","strlen($variable)"],"answer":{"answer":"strlen($variable)"}},{"question":"PHP is a ___________","choices":["Tightly typed language","Loosely typed language","Server typed language","Client typed language"],"answer":{"answer":"Loosely typed language"}},{"question":"Which sign is used to access variable of a variable in PHP?","choices":["$$","$","#@","$|"],"answer":{"answer":"$$"}},{"question":"Which of following is not a Superglobals in PHP?","choices":["$_SERVER","$_ENV","$_FILES","$_PUT"],"answer":{"answer":"$_PUT"}}],"answers":[{"answer":"$add = $add"},{"answer":"Drek Kolkevi"},{"answer":"PHP Hypertext Preprocessor"},{"answer":"echo \"/$x\";"},{"answer":"asc( );"},{"answer":"Server-side"},{"answer":"strcount($variable)"},{"answer":"Loosely typed language"},{"answer":"#@"},{"answer":"$_FILES"}]}